"2025-09-15 17:54:28",danymotionlive,46,"ðŸš¨#LUNDISAAC SUR FIEND FOLIO ET ISAAC XP BIEN SÃ›R",2025-09-15T15:26:31Z,1,1414860634
"2025-09-15 17:54:28",Majinoux,26,"J'ai de nouveau la Streak ðŸŽ‰ Lost ðŸ‘»",2025-09-15T14:57:56Z,2,1414860634
"2025-09-15 17:54:28",LytleCorben,11,"[FR] :3 Lost 370/637 Secrets (Jourlive#4455)",2025-09-15T13:52:28Z,3,1414860634
"2025-09-15 17:54:28",Julnain,5,"[PB=30] Streak random vers BB du plaisir",2025-09-15T12:02:32Z,4,1414860634
"2025-09-15 17:54:28",RENOSAURE_LIVE,2,"je devrais pas stream mais jsuis la",2025-09-15T14:32:11Z,5,1414860634
"2025-09-15 17:54:28",Guidil,2,"Eden vs BB - on continue et on ne meurs pas",2025-09-15T15:10:26Z,6,1414860634
"2025-09-15 17:54:28",TheAirro,2,"AprÃ¨s le DG, on ce lance sur une streack Lost en 4 goals",2025-09-15T15:39:30Z,7,1414860634
"2025-09-15 17:54:28",H2K_LeRat,2,"De retour sur Isaac",2025-09-15T15:45:58Z,8,1414860634
"2025-09-15 17:54:28",Echiren,1,"Isaac dead god [140/651], j'ai pas d'idÃ©e de titre",2025-09-15T11:07:09Z,9,1414860634
"2025-09-15 17:54:28",SparkkTheFurry,1,"Recherche de The Lost !",2025-09-15T15:16:17Z,10,1414860634
"2025-09-15 17:54:28",Intravernus_,1,"[FR] Bouhou le bÃ©bÃ© qui pleure [440/641]",2025-09-15T15:35:18Z,11,1414860634
"2025-09-15 17:54:28",BLB_tv,1,"du sang et des larmes !!",2025-09-15T11:27:42Z,12,1414860634
