"2025-09-03 10:41:27",Akiiro_FR,31,"eden all chap |26|",2025-09-03T05:36:56Z,1,1414860634
"2025-09-03 10:41:27",GrandeGueule25,21,"pleurons sur nos ennemis  !giveaway",2025-09-03T07:29:02Z,2,1414860634
"2025-09-03 10:41:27",ArthegorTV,12,"Stream du matin ! Des larmes et des ‚ú®selles‚ú®",2025-09-03T07:56:13Z,3,1414860634
"2025-09-03 10:41:27",petitbug17,2,"Je suis encore si nul",2025-09-03T07:09:24Z,4,1414860634
"2025-09-03 10:41:27",xymoff,1,"ON CONTINUE NOTRE NOUVELLE RUN",2025-09-03T08:26:37Z,5,1414860634
"2025-09-03 10:51:31",Akiiro_FR,31,"eden all chap |26|",2025-09-03T05:36:56Z,1,1414860634
"2025-09-03 10:51:31",GrandeGueule25,19,"pleurons sur nos ennemis  !giveaway",2025-09-03T07:29:02Z,2,1414860634
"2025-09-03 10:51:31",ArthegorTV,15,"Stream du matin ! Des larmes et des ‚ú®selles‚ú®",2025-09-03T07:56:13Z,3,1414860634
"2025-09-03 10:51:31",petitbug17,2,"Je suis encore si nul",2025-09-03T07:09:24Z,4,1414860634
"2025-09-03 10:51:31",xymoff,1,"ON CONTINUE NOTRE NOUVELLE RUN",2025-09-03T08:26:37Z,5,1414860634
"2025-09-04 22:42:45",Fitzooouu,58,"(FR/EN) √ßa a chang√© Silksong... OuiOuiFifi | Eden 4 Goals : 260-0 (Blue Baby) | !youtube !60/40 !subtember",2025-09-04T18:59:26Z,1,1414860634
"2025-09-04 22:42:45",ALCINO_,9,"The Lost ... Au secours ...",2025-09-04T19:15:53Z,2,1414860634
"2025-09-04 22:42:45",MilitaryMen,4,"De retour sur Isaac !!!",2025-09-04T18:00:37Z,3,1414860634
"2025-09-04 22:42:45",AbyS5aLL,2,"[FR/ENG] Completing every version of the game  (Rebirth | 138/178)",2025-09-04T19:18:11Z,4,1414860634
"2025-09-04 22:42:45",Lavalchips,2,"Objectif / full succ√®s - 271 / 640",2025-09-04T17:57:24Z,5,1414860634
"2025-09-04 22:42:45",Llakard,2,"On reprend ISAAC A ZERO !",2025-09-04T20:17:38Z,6,1414860634
"2025-09-04 22:42:45",Lapartdulion,1,"Go la Gunge",2025-09-04T20:14:05Z,7,1414860634
"2025-09-04 22:42:45",univers_air,1,"Ptite soir√©e chill !  Pour soutenir l√¢che un ptit follow !",2025-09-04T19:45:44Z,8,1414860634
"2025-09-04 22:42:45",Razor_Nexus,1,"Les runs sans Dan Engine #LaCavalerie | !RP !rs !emotes !allmight",2025-09-04T17:51:17Z,9,1414860634
"2025-09-04 22:42:45",Cythou,1,"[ISAAC] c'est suptember! et la rentr√© - on se fait maman au couteau?‚≠êÔ∏è !rs !obj",2025-09-04T19:15:04Z,10,1414860634
"2025-09-04 22:42:45",SpiritXperienZ,1,"üî¥ SXZ LIVE REACT - Cauchemar au Sanatorium",2025-09-04T18:31:39Z,11,1414860634
