"2025-09-15 17:54:29",IcekeiNorush,42,"[PC][Backseat appr√©ci√©] Hollow Knight, jour 4",2025-09-15T09:56:49Z,1,490147
"2025-09-15 17:54:29",Ter0pod,27,"[COSPLAY] 107/112‚úÖ - 10 pompes √† chaque mort ! - Fin du jeu + D√©but Panth√©on - Hollow Knight",2025-09-15T15:00:29Z,2,490147
"2025-09-15 17:54:29",Kraoki,23,"üî¥ venez voir mon chapeau, HOLLOW KNIGHT | kraoki.fr",2025-09-15T12:00:39Z,3,490147
"2025-09-15 17:54:29",Leupho,10,"[fr/en/weeb] Marathon Hollow Knight +Silksong !",2025-09-15T11:50:11Z,4,490147
"2025-09-15 17:54:29",ShawnKazma,8,"RETOUR DANS LES PROFONDEURS (HOLLOW KNIGHT JOUR 3)",2025-09-15T13:04:17Z,5,490147
"2025-09-15 17:54:29",Matounay,6,"On sort les gros l'hollow aujourd'hui üëÑ (oui bon hein c'est lundi)",2025-09-15T11:56:21Z,6,490147
"2025-09-15 17:54:29",PetiteRouge_,5,"On d√©couvre enfin le vrai nid profond....",2025-09-15T13:07:27Z,7,490147
"2025-09-15 17:54:29",Notrop29,4,"(FR) Un petit personnage avec un masque",2025-09-15T13:59:27Z,8,490147
"2025-09-15 17:54:29",PrincesseMelon,4,"first playthrough Le Chevalier Vide (noob √† l'oeuvre) / LGBBQ friendly / 420 18+ / #LesShaft√©s",2025-09-15T13:37:19Z,9,490147
"2025-09-15 17:54:29",Olowe_,3,"Sommes nous r√©ellement le gentil ?",2025-09-15T12:02:12Z,10,490147
"2025-09-15 17:54:29",Saasoulive,3,"[D√©couverte] Je d√©barque apr√®s la guerre et j'allume le jeu pour la 1ere fois | !discord !tiktok !lurk",2025-09-15T15:01:12Z,11,490147
"2025-09-15 17:54:29",laolane,3,"On continue la Run Hollow Knight 100% puis Hollow Knight Silksong",2025-09-15T15:27:05Z,12,490147
"2025-09-15 17:54:29",AshenRoger,3,"#415 : On va essayer de le finir quand m√™me, on est pas des b√™tes | OMG ENFIN LE !blog !",2025-09-15T11:52:46Z,13,490147
"2025-09-15 17:54:29",sombrallys,3,"On continue la bagarre !",2025-09-15T14:20:40Z,14,490147
"2025-09-15 17:54:29",Kaz_tv__,3,"Hollow Knight √©pisode 4",2025-09-15T15:40:46Z,15,490147
"2025-09-15 17:54:29",azor_fps,2,"Subathon jour 6‚ú®üòÅ on vas peut etre voir la fin üôè‚ú®",2025-09-15T12:05:02Z,16,490147
"2025-09-15 17:54:29",NoKayuto,2,Manou,2025-09-15T15:43:20Z,17,490147
"2025-09-15 17:54:29",Glaive_T,2,"Je d√©couvre Hollow Knight !",2025-09-15T14:32:02Z,18,490147
"2025-09-15 17:54:29",RekSincere,2,"Je continue ma run sur Hollow Knight !",2025-09-15T13:27:07Z,19,490147
"2025-09-15 17:54:29",petit_nic0,2,"üî¥ Continuons l'exploration ! [üçÅSUBTEMBERüçÅ = -30% sur les Subs] - !commande !reso",2025-09-15T13:17:44Z,20,490147
"2025-09-15 17:54:29",DahuzTV,2,"[VTUBER] on continue notre descente a hallownest",2025-09-15T12:06:58Z,21,490147
"2025-09-15 17:54:29",argo_stream,2,"Hollow Knight, d√©couverte du premier opus avant de faire le deuxi√®me.",2025-09-15T15:23:47Z,22,490147
"2025-09-15 17:54:29",Shamirae,1,"je vais chercher les 2 autres r√™veurs (et j'explore aussi)",2025-09-15T15:24:15Z,23,490147
"2025-09-15 17:54:29",vixo39715,1,"on chill sur hollow knight",2025-09-15T14:45:26Z,24,490147
"2025-09-15 17:54:29",shadowcarpe,1,"on va d√©bloquer le panth√©on et le faire pourquoi pas  (fr/pc)",2025-09-15T14:19:23Z,25,490147
"2025-09-15 17:54:29",Tanktiti,1,"[Fr] Hollow knight je continue la suite",2025-09-15T14:26:03Z,26,490147
"2025-09-15 17:54:29",gen_oxXx,1,"On continue l'histoire !",2025-09-15T15:07:44Z,27,490147
"2025-09-15 17:54:29",kuroyolo33,1,Hollown,2025-09-15T15:15:46Z,28,490147
"2025-09-15 17:54:29",covibrillant,1,"Jv m flinguer",2025-09-15T15:28:08Z,29,490147
"2025-09-15 17:54:29",kaponek29,1,"Meilleur jeu ever !",2025-09-15T13:50:56Z,30,490147
"2025-09-15 17:54:29",Ryuuby_,1,"Un peu de Hollow knight en cette belle aprem !! #Ladiablerie",2025-09-15T14:37:45Z,31,490147
"2025-09-15 17:54:29",ChrisLandro,1,"Live de la souffrance ici ! (mais on commence √† √™tre un peu fort en vrai) sur ""Hollow Knight 1"" On se pr√©pare pour ""Silksong"" !",2025-09-15T13:25:49Z,32,490147
"2025-09-15 17:54:29",jos980000,1,"Fr ( pas de micro desole )  slt √† tous !",2025-09-15T11:26:11Z,33,490147
"2025-09-15 17:54:29",YaBoiMonik,1,"[FR/ENG] Playthrough Hollow Knight ouioui [!clip !r√©seaux]",2025-09-15T15:09:09Z,34,490147
"2025-09-15 17:54:29",frantoi_mou2,1,"frantoi_mou play game",2025-09-15T12:34:13Z,35,490147
"2025-09-15 17:54:29",Stann21122,1,"GAMING,GAMING,GAMING !!!",2025-09-15T15:23:50Z,36,490147
"2025-09-15 17:54:29",koikharphu,1,"Hollow Knight",2025-09-15T11:22:19Z,37,490147
"2025-09-15 17:54:29",le_raeveur,1,"HOLLOW KNIGHT SILKSONG ACTE 2",2025-09-15T14:37:07Z,38,490147
"2025-09-15 17:54:29",gstrocks_05,1,"on fini le pent√©on 5 avent que j'ach√®te silsong",2025-09-15T15:43:02Z,39,490147
"2025-09-15 17:54:29",Xeuracel,1,"Le d√©but de grim !",2025-09-15T13:04:25Z,40,490147
"2025-09-15 17:54:29",lesdelgado,1,"Je me bat contre un boss DLC [gameplay] [ps5]",2025-09-15T13:33:15Z,41,490147
"2025-09-15 17:54:29",SomonFraud,1,"2 jours pour terminer le jeu | D√©couverte Hollow knight !discord",2025-09-15T15:00:48Z,42,490147
"2025-09-15 17:54:29",sapinlecuisto,1,"On essaye de battre la panth√©on 5 !tiktok !discord",2025-09-15T14:17:01Z,43,490147
"2025-09-15 17:54:29",JVDICAEL,1,"On fini hollow et ensuite on va en asie",2025-09-15T12:29:29Z,44,490147
"2025-09-15 17:54:29",axelbl20,1,"ELDEN RING boss",2025-09-15T15:43:10Z,45,490147
"2025-09-15 17:54:29",Poltermane,0,"üêπ D√©couverte üêπ  GO pour le 112%",2025-09-15T15:34:36Z,46,490147
"2025-09-15 17:54:29",artoriasdz13,0,"Panth√©on r√©ussi =platine",2025-09-15T14:55:30Z,47,490147
"2025-09-15 17:54:29",HugoCuby,0,"112%, c'est de la grosse m**de",2025-09-15T15:53:51Z,48,490147
