"2025-08-21 15:42:08",JimmyBoyyy,257,"ISAAC pour attendre le Live SILKSONG, PUIS REACT SILKSONG, PUIS MARATHON GUITAR HERO LA SUITE ET SOIREE MINI JEUX DE MATHOX !prog",2025-08-21T12:50:53Z,1,1414860634
"2025-08-21 15:42:08",LinkyNyu,32,"üéÇ 400 runs pour les 1 an de la streak le 30 ao√ªt ? || Annonce Silksong √† 16h30 !",2025-08-21T11:18:11Z,2,1414860634
"2025-08-21 15:42:08",LaMeche00,15,"Silksong waiting room",2025-08-21T11:23:10Z,3,1414860634
"2025-08-21 15:42:08",nekonilink,2,"Isaac en attendant le direct de SILKSONG!!!",2025-08-21T13:30:42Z,4,1414860634
"2025-08-21 15:42:08",Cocow0_0,1,"The binding of Isaac on fait le dead god",2025-08-21T13:24:50Z,5,1414860634
"2025-08-21 15:42:08",popoumax51,1,"run 0% to god% au calme",2025-08-21T12:07:57Z,6,1414860634
"2025-08-21 15:42:08",tringle_bilingue,1,"On rush les 300 secrets, d√©sol√© pour le gars qui cire en arri√®re plan.",2025-08-21T12:46:56Z,7,1414860634
"2025-08-21 15:55:47",JimmyBoyyy,261,"ISAAC pour attendre le Live SILKSONG, PUIS REACT SILKSONG, PUIS MARATHON GUITAR HERO LA SUITE ET SOIREE MINI JEUX DE MATHOX !prog",2025-08-21T12:50:53Z,1,1414860634
"2025-08-21 15:55:47",LinkyNyu,34,"üéÇ 400 runs pour les 1 an de la streak le 30 ao√ªt ? || Annonce Silksong √† 16h30 !",2025-08-21T11:18:11Z,2,1414860634
"2025-08-21 15:55:47",LaMeche00,16,"Silksong waiting room",2025-08-21T11:23:10Z,3,1414860634
"2025-08-21 15:55:47",nekonilink,3,"Isaac en attendant le direct de SILKSONG!!!",2025-08-21T13:30:42Z,4,1414860634
"2025-08-21 15:55:47",popoumax51,1,"run 0% to god% au calme",2025-08-21T12:07:57Z,5,1414860634
"2025-08-21 15:55:47",tringle_bilingue,1,"On rush les 300 secrets, d√©sol√© pour le gars qui cire en arri√®re plan.",2025-08-21T12:46:56Z,6,1414860634
